FILE	SENTENCE_ID	TYPE	TEXT	DEPRELS
EDTtreex/Testtreex/aja_pm20000218_osa_4_ud28.enhanced.treex.conllu	aja_pm20000218_1032/et	O	Näiteks Hiina puhul on lausa imelik : sellel kommunistlikul riigil on õnnestunud investeeringuid meelitada rohkem kui lääneriikidel .	advmod obl case cop advmod root punct det amod obl aux parataxis obj csubj advmod mark advcl punct
EDTtreex/Testtreex/aja_pm20000218_osa_4_ud28.enhanced.treex.conllu	aja_pm20000218_1032/et	S	Hiina puhul on imelik : sellel kommunistlikul riigil on õnnestunud investeeringuid meelitada kui lääneriikidel .	_ obl case cop _ root punct det amod obl parataxis acl obj parataxis _ mark advcl punct
				
EDTtreex/Testtreex/aja_pm20000218_osa_4_ud28.enhanced.treex.conllu	aja_pm20000218_1109/et	O	* “ State of the Worldi ” antakse välja rohkem kui 30 keeles	parataxis punct obj flat flat flat punct root compound:prt advmod fixed nummod advcl
EDTtreex/Testtreex/aja_pm20000218_osa_4_ud28.enhanced.treex.conllu	aja_pm20000218_1109/et	S	* “ State of the Worldi ” antakse välja 30 keeles	punct punct obj flat flat flat punct root compound:prt _ _ nummod obl
				
EDTtreex/Testtreex/aja_pm20000218_osa_3_ud28.enhanced.treex.conllu	aja_pm20000218_666/et	O	Oluliselt vähem kui Eesti Kunstimuuseumi mammutprojekt .	advmod amod mark nmod nmod root punct
EDTtreex/Testtreex/aja_pm20000218_osa_3_ud28.enhanced.treex.conllu	aja_pm20000218_666/et	S	Vähem kui Eesti Kunstimuuseumi mammutprojekt .	_ root mark nmod nmod advcl punct
				
EDTtreex/Testtreex/aja_pm20000218_osa_3_ud28.enhanced.treex.conllu	aja_pm20000218_716/et	O	Seikluste eelmänguks on see , et kuningas ( Alessandro Nivola ) kutsub oma sõpru pühenduma üksnes vaimu harimisele , soovitades paastuda päev nädalas , magada mitte rohkem kui kolm tundi , ja , mis peamine , hoida eemale õrnema soo esindajatest .	nmod root cop nsubj:cop punct mark nsubj punct parataxis flat punct acl:relcl nmod obj xcomp advmod nmod obl punct advcl xcomp obl obl punct conj advmod advmod fixed nummod advcl punct cc punct nsubj:cop advcl punct conj advmod amod nmod obl punct
EDTtreex/Testtreex/aja_pm20000218_osa_3_ud28.enhanced.treex.conllu	aja_pm20000218_716/et	S	Seikluste eelmänguks on see , et kuningas ( Alessandro Nivola ) kutsub oma sõpru pühenduma vaimu harimisele , soovitades paastuda päev nädalas , magada kolm tundi , ja , mis peamine , hoida õrnema soo esindajatest .	nmod root cop nsubj:cop punct mark nsubj punct parataxis flat punct acl nmod obj xcomp _ nmod obl punct advcl xcomp obj nmod punct conj _ _ _ nummod obl punct cc punct nsubj:cop advcl punct conj _ amod nmod obl punct
				
EDTtreex/Testtreex/aja_ee199920_osa5_ud28.enhanced.treex.conllu	aja_ee199920_2139/et	O	Mul on mingi kuulamismulje vähem kui kolmandiku Hasso mainitud tegelaste muusikast , ent tubli veerand on mulle nimedenagi tundmatud . )	root cop det nsubj:cop advmod fixed nummod obl acl advcl nmod punct cc amod nsubj:cop cop obl obl conj punct punct
EDTtreex/Testtreex/aja_ee199920_osa5_ud28.enhanced.treex.conllu	aja_ee199920_2139/et	S	Mul on mingi kuulamismulje kolmandiku Hasso mainitud tegelaste muusikast , ent tubli veerand on mulle nimedenagi tundmatud . )	root aux det obj _ _ obj flat root nmod obl punct cc amod nsubj:cop cop obl obl conj punct
				
EDTtreex/Testtreex/aja_ee199920_osa5_ud28.enhanced.treex.conllu	aja_ee199920_2280/et	O	Islandi saarevabariigis elab inimesi umbes sama palju kui Tallinnas eestlasi , kuid rahvusvaheliselt tunnustatud muusikuid rohkem kui kogu Baltikumis kokku .	amod obl root nsubj advmod det advmod mark orphan:obl advcl punct cc advmod acl conj orphan:advmod mark det advcl advmod punct
EDTtreex/Testtreex/aja_ee199920_osa5_ud28.enhanced.treex.conllu	aja_ee199920_2280/et	S	Islandi saarevabariigis elab inimesi , kuid tunnustatud muusikuid rohkem kui kogu Baltikumis .	nmod obl root nsubj _ _ _ _ _ _ punct cc _ conj obj advmod mark det advcl _ punct
				
EDTtreex/Devtreex/aja_luup200009_ud28.enhanced.treex.conllu	aja_luup200009_286/et	O	Rohkem kui endale vaja on mõtet midagi toota vaid sel juhul , kui on teada , et keegi vajab seda produkti , teenust või keskkonda , ning hindab seda nii kõrgelt , et on nõus seda ostma ja maksma omahinnast mõnevõrra rohkem .	advmod mark obl advcl cop root obj csubj:cop advmod det obl punct mark aux advcl punct mark nsubj ccomp det obj punct conj cc conj punct cc conj obj advmod advmod punct mark advcl compound:prt obj xcomp cc conj obl advmod advmod punct
EDTtreex/Devtreex/aja_luup200009_ud28.enhanced.treex.conllu	aja_luup200009_286/et	S	On mõtet midagi toota sel juhul , kui on teada , et keegi vajab seda produkti , teenust või keskkonda , ning hindab seda , et on nõus seda ostma ja maksma .	_ _ _ _ cop root obj csubj:cop _ det obl punct mark aux advcl punct mark nsubj ccomp det obj punct conj cc conj punct cc conj obj _ _ punct mark acl compound:prt obj xcomp cc conj _ _ _ punct
				
EDTtreex/Devtreex/tea_eesti_arst_2004_osa_1_ud28.enhanced.treex.conllu	tea_eesti_arst_2004_18/et	O	Eestis on kujunenud omalaadne olukord : arstidele suunatud väljaandeid on kokku viis - üks ajakiri vähem kui tuhande arsti kohta .	obl aux root amod nsubj punct obl acl nsubj parataxis advmod obl punct nummod parataxis advmod fixed nummod advcl case punct
EDTtreex/Devtreex/tea_eesti_arst_2004_osa_1_ud28.enhanced.treex.conllu	tea_eesti_arst_2004_18/et	S	Eestis on kujunenud omalaadne olukord : arstidele suunatud väljaandeid on viis - üks ajakiri .	obl aux root amod nsubj punct obl parataxis obj cop _ obj punct det appos _ _ _ _ _ punct
				
EDTtreex/Devtreex/tea_eesti_arst_2004_osa_1_ud28.enhanced.treex.conllu	tea_eesti_arst_2004_309/et	O	Ägeda algusega vaskulaarne dementsus kujuneb kiiresti pärast korduvaid ajuinsulte ( tavaliselt kohe , kuid mitte rohkem kui 3 kuu jooksul ) ning põhjustab tüüpilistel juhtudel olulise sensomotoorse kõnehäire ja järsult alanud kognitiivse võimekuse vähenemise .	amod nmod amod nsubj root advmod case acl obl punct advmod parataxis punct cc advmod conj fixed nummod advcl case punct cc conj amod obl amod amod obj cc advmod acl amod nmod conj punct
EDTtreex/Devtreex/tea_eesti_arst_2004_osa_1_ud28.enhanced.treex.conllu	tea_eesti_arst_2004_309/et	S	Ägeda algusega vaskulaarne dementsus kujuneb pärast korduvaid ajuinsulte ( kohe , kuid rohkem kui 3 kuu jooksul ) ning põhjustab tüüpilistel juhtudel olulise sensomotoorse kõnehäire ja alanud kognitiivse võimekuse vähenemise .	nmod obl nmod nsubj root _ case acl obl punct _ parataxis punct cc _ conj fixed nummod advcl case punct cc conj amod obl amod amod obj cc _ conj amod nmod obj punct
				
EDTtreex/Devtreex/tea_eesti_arst_2004_osa_1_ud28.enhanced.treex.conllu	tea_eesti_arst_2004_332/et	O	Arvatakse , et subkortikaalsed , väikeste veresoonte haigustest põhjustatud VDd on sagedasemad kui senini arvatud , neid esineb rohkem kui suurte veresoonte kahjustusest tingitud dementsusi ning need juhud moodustavad VDdest 36-67 % ( 12 ) .	root punct mark amod punct amod nmod obl conj nsubj:cop cop ccomp mark advmod advcl punct nsubj conj advmod mark amod nmod obl acl advcl cc det nsubj conj obl nummod advmod punct parataxis punct punct
EDTtreex/Devtreex/tea_eesti_arst_2004_osa_1_ud28.enhanced.treex.conllu	tea_eesti_arst_2004_332/et	S	Arvatakse , et subkortikaalsed , väikeste veresoonte haigustest põhjustatud VDd on sagedasemad kui arvatud , neid esineb ning need juhud moodustavad VDdest ( 12 ) .	root punct mark amod punct amod nmod obl ccomp obj cop conj mark _ advcl punct nsubj conj _ _ _ _ _ _ _ cc det nsubj conj obl _ _ punct parataxis punct punct
				
EDTtreex/Devtreex/tea_eesti_arst_2004_osa_1_ud28.enhanced.treex.conllu	tea_eesti_arst_2004_453/et	O	I klass - tõendatud rohkem kui ühe randomiseeritud , kontrollgrupiga võrreldud hea kliinilise uuringuga ; II klass - põhjendatud rohkem kui ühe korralikult planeeritud kliinilise uurimusega nagu juhtkontroll- , kohortuuring vms ; III klass - põhjendatud ekspertarvamuse , mitterandomiseeritud , võrreldud varem uuritud kontrollgrupiga või rohkem kui ühe haigusjuhuga .	amod obj punct root advmod fixed nummod acl punct obl acl amod amod advcl punct amod obj punct parataxis advmod fixed nummod advmod acl amod advcl mark advcl punct conj nmod punct amod obj punct parataxis obl punct conj punct conj advmod acl obl cc advmod fixed nummod conj punct
EDTtreex/Devtreex/tea_eesti_arst_2004_osa_1_ud28.enhanced.treex.conllu	tea_eesti_arst_2004_453/et	S	I klass - tõendatud ühe randomiseeritud , kontrollgrupiga võrreldud hea kliinilise uuringuga ; II klass - põhjendatud ühe planeeritud kliinilise uurimusega nagu juhtkontroll- , kohortuuring vms ; III klass - põhjendatud ekspertarvamuse , mitterandomiseeritud , võrreldud uuritud kontrollgrupiga või ühe haigusjuhuga .	amod root punct amod _ _ obl acl punct obl conj amod amod obl punct amod obj punct acl _ _ obj _ parataxis amod obl advmod obj punct conj nmod punct amod conj punct parataxis obl punct conj punct conj _ conj obl cc _ _ nummod conj punct
				
EDTtreex/Devtreex/ilu_orlau_ud28.enhanced.treex.conllu	ilu_orlau_147/et	O	Võtsin paar roigast ja ... sellelt kauguselt jäi mulle korraga silma , et kui mujal kivi ümber kasvas õhuke kiht sammalt siin-seal kidura kanarbikuga segamini , siis just tollel kohal , kus ma magasin , oli umbes pooleteise meetri pikkuses ja veidi vähem kui meetri laiuses samblatu liivane laik .	root nummod obj cc punct det obl conj obl advmod obl punct mark mark advmod obl case advcl amod nmod nsubj advmod amod obl advmod punct advmod advmod det obl punct mark nsubj advcl punct conj advmod nummod nmod obl cc advmod advmod fixed advcl conj amod amod nsubj punct
EDTtreex/Devtreex/ilu_orlau_ud28.enhanced.treex.conllu	ilu_orlau_147/et	S	Võtsin paar roigast ja ... sellelt kauguselt jäi mulle silma , et kui kivi ümber kasvas õhuke kiht sammalt , tollel kohal , kus ma magasin , oli pooleteise meetri pikkuses ja meetri laiuses samblatu liivane laik .	root nummod obj cc punct det obl conj obl _ obl punct mark mark _ obl case advcl amod nsubj nsubj _ _ _ _ punct _ _ det conj punct mark nsubj acl punct cop _ nummod nmod acl cc _ _ _ nmod conj amod amod nsubj:cop punct
				
EDTtreex/Traintreex/tea_toohoive_ud28.enhanced.treex.conllu	tea_toohoive_761/et	O	See tähendab , et autosid ja televiisoreid saab Eesti keskmise palga saaja osta mitte 40 korda vaid üle saja korra rohkem kui kümme aastat tagasi .	nsubj root punct mark obj cc conj aux nmod amod nmod nsubj ccomp advmod nummod obl advmod case nummod nmod advmod mark nummod advcl case punct
EDTtreex/Traintreex/tea_toohoive_ud28.enhanced.treex.conllu	tea_toohoive_761/et	S	See tähendab , et autosid ja televiisoreid saab Eesti keskmise palga saaja osta .	nsubj root punct mark obj cc conj aux nmod amod nmod obj ccomp _ _ _ _ _ _ _ _ _ _ _ _ punct
				
EDTtreex/Traintreex/aja_horisont2000_ud28_osa_3.enhanced.treex.conllu	aja_horisont2000_868/et	O	Kasutada võib ka nimetust Dzohhar-Ghala ( tšetšeeni keeles Dzoxar-G·ala ) või lihtsalt Dzoh-har , mis pole küll ametlik , kuid austusest Tšetšeeni Vabariigi esimese presidendi Dzohhar Dudajevi vastu on tšetšeenide hulgas väga levinud ja 1997 toimunud rahvakogunemisel Tšetšeenia pealinnas ka rohkem kui 100 000 inimese poolt heaks kiidetud .	root aux advmod obj nmod punct nmod nmod parataxis punct cc advmod conj punct nsubj:cop cop advmod acl:relcl punct cc obl nmod nmod amod nmod appos flat:name case aux obl case advmod conj cc nummod acl obl nmod nmod advmod advmod fixed compound nummod advcl case compound:prt conj punct
EDTtreex/Traintreex/aja_horisont2000_ud28_osa_3.enhanced.treex.conllu	aja_horisont2000_868/et	S	Kasutada võib nimetust Dzohhar-Ghala ( tšetšeeni keeles Dzoxar-G·ala ) või Dzoh-har , mis pole ametlik , kuid austusest Tšetšeeni Vabariigi esimese presidendi Dzohhar Dudajevi vastu on tšetšeenide hulgas levinud ja 1997 toimunud rahvakogunemisel Tšetšeenia pealinnas 100 000 inimese poolt heaks kiidetud .	root aux _ obj nmod punct amod nmod nmod nmod parataxis _ punct cc conj punct _ nsubj:cop cop acl:relcl punct cc obl amod nmod amod nmod appos flat case cop _ obl case conj cc obl conj obl _ _ _ nmod obl nummod obl case compound:prt xcomp punct
				
EDTtreex/Traintreex/aja_horisont2000_ud28_osa_3.enhanced.treex.conllu	aja_horisont2000_889/et	O	Tšetšeenias elab neist sõja tõttu vähem kui pool , mõningatel andmetel 350 000 või isegi vähem .	obl root obl obl case advcl fixed obl punct det orphan:obl compound conj cc advmod conj punct
EDTtreex/Traintreex/aja_horisont2000_ud28_osa_3.enhanced.treex.conllu	aja_horisont2000_889/et	S	Tšetšeenias elab neist sõja tõttu vähem kui pool , mõningatel andmetel 350 000 või vähem .	obl root obl obl case advmod fixed obl punct det orphan conj cc conj _ punct
				
EDTtreex/Traintreex/aja_horisont2000_ud28_osa_3.enhanced.treex.conllu	aja_horisont2000_896/et	O	Kõik kõneldavad põhiliselt Kaukaasias või kolmnurgas Türgi-Süüria-Jordaania ( venelaste poolt 19. sajandil Türgisse küüditatud rohkem kui miljoni adõgee ja tšerkessi järglaste asuala ) .	nsubj:cop root advmod obl cc conj nmod punct obl case amod obl obl amod advmod fixed nummod nmod cc conj advcl parataxis punct punct
EDTtreex/Traintreex/aja_horisont2000_ud28_osa_3.enhanced.treex.conllu	aja_horisont2000_896/et	S	Kõik kõneldavad Kaukaasias või kolmnurgas Türgi-Süüria-Jordaania ( venelaste poolt 19. sajandil Türgisse küüditatud miljoni adõgee ja tšerkessi järglaste asuala ) .	det root _ obl cc conj conj punct obl case amod obl obl parataxis _ _ nummod amod cc conj nmod obj punct punct
				
EDTtreex/Traintreex/ilu_kanep_ud28.enhanced.treex.conllu	ilu_kanep_1099/et	O	Näitusega on küll see halb asi , et külastaja ei viitsi tavaliselt pikki pildiallkirju lugeda , aga sõnaline tekst on sellise asja juures rohkem kui pool teksti .	root cop advmod det amod nsubj:cop punct mark nsubj aux acl advmod amod obj xcomp punct cc amod nsubj:cop cop det obl case conj mark nummod advcl punct
EDTtreex/Traintreex/ilu_kanep_ud28.enhanced.treex.conllu	ilu_kanep_1099/et	S	Näitusega on see halb asi , et külastaja ei viitsi pikki pildiallkirju lugeda , aga sõnaline tekst on sellise asja juures rohkem kui pool teksti .	obl cop _ nsubj:cop amod root punct mark nsubj aux acl _ amod obj xcomp punct cc amod nsubj:cop cop det obl case conj fixed nummod advcl punct
				
EDTtreex/Traintreex/aja_ml200247_osa_5_ud28.enhanced.treex.conllu	aja_ml200247_1461/et	O	Neli klubilast eesotsas Automi esimehe Osvald Kaerlepaga said aastal 1978 võimaluse sõita Tampere klubi kutse peale rohkem kui nädalaks sealse vanaautoeluga tutvust tegema .	nummod nsubj nmod nmod nmod appos flat root obl nummod obj acl nmod nmod obl case advmod fixed advcl amod obl obj xcomp punct
EDTtreex/Traintreex/aja_ml200247_osa_5_ud28.enhanced.treex.conllu	aja_ml200247_1461/et	S	Neli klubilast eesotsas Automi esimehe Osvald Kaerlepaga said aastal 1978 võimaluse sõita Tampere klubi kutse peale nädalaks sealse vanaautoeluga tutvust tegema .	nummod nsubj nmod nmod nmod appos flat root obl nummod obj acl nmod nmod obl case _ _ obl amod obl obj xcomp punct
				
EDTtreex/Traintreex/aja_ee199920_osa1_ud28.enhanced.treex.conllu	aja_ee199920_3/et	O	See oli rohkem kui 10 protsenti kogu Hansapanka paigutatud rahast .	nsubj:cop cop advmod fixed nummod root det obl acl nmod punct
EDTtreex/Traintreex/aja_ee199920_osa1_ud28.enhanced.treex.conllu	aja_ee199920_3/et	S	See oli 10 protsenti kogu Hansapanka paigutatud rahast .	obj aux _ _ nummod obl det nmod root obl punct
				
EDTtreex/Traintreex/aja_ee199920_osa1_ud28.enhanced.treex.conllu	aja_ee199920_349/et	O	Ta on abitu sellesama seaduse ees , mis on mõeldud kõigi kaitseks , kuid pahatihti kaitseb kurjategijat rohkem kui ohvrit .	nsubj:cop cop root det obl case punct obj aux acl:relcl nmod xcomp punct cc advmod conj obj advmod mark advcl punct
EDTtreex/Traintreex/aja_ee199920_osa1_ud28.enhanced.treex.conllu	aja_ee199920_349/et	S	Ta on abitu sellesama seaduse ees , mis on mõeldud kõigi kaitseks , kuid kaitseb kurjategijat .	nsubj:cop cop root det obl case punct nsubj:cop cop acl:relcl nmod xcomp punct cc _ conj obj _ _ _ punct
				
EDTtreex/Traintreex/aja_luup200202_osa_1_ud28.enhanced.treex.conllu	aja_luup200202_92/et	O	Pärast seda , kui aknad said vahetatud ja radiaatorikraanid annavad sõltuvalt aknatagusest ilmast reguleerida , kulub Pelgulinnas ühe ruutmeetri kütmiseks kõigest 60 krooni aastas : “ See on umbes 1,4-1,7 korda vähem kui enamikus haiglates . ”	case obl punct mark obj aux advcl cc nsubj conj advmod amod obl advcl punct root obl nummod nmod obl advmod nummod obl nmod punct punct nsubj:cop cop advmod nummod obl parataxis mark nmod advcl punct punct
EDTtreex/Traintreex/aja_luup200202_osa_1_ud28.enhanced.treex.conllu	aja_luup200202_92/et	S	Pärast seda , kui aknad said vahetatud ja radiaatorikraanid annavad reguleerida , kulub Pelgulinnas ühe ruutmeetri kütmiseks 60 krooni aastas : “ See on 1,4-1,7 korda vähem kui enamikus haiglates . ”	case obl punct mark obj aux acl cc nsubj conj _ _ _ xcomp punct root obl nummod nmod obl _ nummod nsubj nmod punct punct nsubj:cop cop _ obl punct conj obl parataxis mark nmod advcl punct punct
				
EDTtreex/Traintreex/aja_luup200202_osa_1_ud28.enhanced.treex.conllu	aja_luup200202_99/et	O	Võrdlus näitab , et vähem kui 5 % kommunaalkuludele on Eesti tingimustes väga hea näitaja .	nsubj root punct mark advcl fixed nummod obl obl cop nmod obl advmod amod ccomp punct
EDTtreex/Traintreex/aja_luup200202_osa_1_ud28.enhanced.treex.conllu	aja_luup200202_99/et	S	Võrdlus näitab , et vähem kui 5 % kommunaalkuludele on Eesti tingimustes hea näitaja .	nsubj root punct mark advmod fixed nummod advcl cop nmod obl amod _ ccomp punct
				
EDTtreex/Traintreex/aja_ml200247_osa_4_ud28.enhanced.treex.conllu	aja_ml200247_1174/et	O	ELi liikmesriikidest näiteks rohkem kui 28 miljardi krooni väärtuses just neid tooteid , mida Eesti põllumees saanuks ise toota .	nmod nmod advmod advmod fixed compound nummod advcl nmod advmod det root punct obj nmod nsubj aux advmod acl:relcl punct
EDTtreex/Traintreex/aja_ml200247_osa_4_ud28.enhanced.treex.conllu	aja_ml200247_1174/et	S	ELi liikmesriikidest 28 miljardi krooni väärtuses neid tooteid , mida Eesti põllumees saanuks toota .	nmod nmod _ _ _ compound nummod nmod nmod _ det root punct obj nmod nsubj aux _ acl:relcl punct
				
EDTtreex/Traintreex/tea_eesti_arst_2004_osa_4_ud28.enhanced.treex.conllu	tea_eesti_arst_2004_1635/et	O	Vähem kui neljandik uuritutest ( 23,7 % ) hindas oma und rahuldavaks ning vaid 7 % üliõpilasi hindas oma une kvaliteeti pigem halvaks või halvaks .	nsubj mark advcl acl punct nummod parataxis punct root nmod obj xcomp cc advmod nummod advmod nsubj conj nmod nmod obj advmod xcomp cc conj punct
EDTtreex/Traintreex/tea_eesti_arst_2004_osa_4_ud28.enhanced.treex.conllu	tea_eesti_arst_2004_1635/et	S	Vähem kui neljandik uuritutest ( 23,7 % ) hindas oma und rahuldavaks ning üliõpilasi hindas oma une kvaliteeti halvaks või halvaks .	advmod mark nsubj nmod punct parataxis punct root nmod obj xcomp cc nsubj _ _ _ conj nmod nmod obj xcomp _ cc conj punct
				
EDTtreex/Traintreex/aja_ee200110_osa_3_ud28.enhanced.treex.conllu	aja_ee200110_786/et	O	BMFi tehtud uuring näitas , et sellest teenusest huvitatuid on rohkem kui näiteks internetikaubamajadest ostjaid .	obl acl nsubj root punct mark det nmod nsubj:cop cop ccomp mark advmod nmod advcl punct
EDTtreex/Traintreex/aja_ee200110_osa_3_ud28.enhanced.treex.conllu	aja_ee200110_786/et	S	BMFi tehtud uuring näitas , et sellest teenusest huvitatuid on rohkem kui internetikaubamajadest ostjaid .	obl root nsubj conj punct mark det nmod nsubj:cop cop ccomp fixed _ nmod advcl punct
				
EDTtreex/Traintreex/tea_AA_05_6_ud28.enhanced.treex.conllu	tea_AA_05_6_201/et	O	Tehnilistele tingimuste kohaselt suudab mälulülitus TC58DVG02A1 korrektselt täita mitte vähem kui 100 000 programmeerimis-kustutustsüklit .	amod obl case root nsubj appos advmod xcomp advmod advmod fixed nummod flat advcl punct
EDTtreex/Traintreex/tea_AA_05_6_ud28.enhanced.treex.conllu	tea_AA_05_6_201/et	S	Tehnilistele tingimuste kohaselt suudab mälulülitus TC58DVG02A1 täita .	nmod obl case root nsubj obj _ xcomp _ _ _ _ _ _ punct
				
EDTtreex/Traintreex/aja_ee200110_osa_8_ud28.enhanced.treex.conllu	aja_ee200110_2270/et	O	"Meil tuli rohkem kui oodatud , "" lausub Andres Liinat ."	nsubj root advmod mark advcl punct punct parataxis nsubj flat punct
EDTtreex/Traintreex/aja_ee200110_osa_8_ud28.enhanced.treex.conllu	aja_ee200110_2270/et	S	"Meil tuli , "" lausub Andres Liinat ."	obl root _ _ _ punct punct parataxis nsubj flat punct
				
EDTtreex/Traintreex/aja_ee200110_osa_4_ud28.enhanced.treex.conllu	aja_ee200110_1180/et	O	Rohkem kui 30 aasta jooksul vähenes seal lumikatte kestus talvel terve kuu võrra ehk 30 päeva .	advmod mark nummod obl case root advmod nmod nsubj nmod amod obl case cc nummod conj punct
EDTtreex/Traintreex/aja_ee200110_osa_4_ud28.enhanced.treex.conllu	aja_ee200110_1180/et	S	Kui 30 aasta jooksul vähenes lumikatte kestus talvel terve kuu võrra ehk 30 päeva .	_ mark nummod obl case root _ nmod nsubj obl amod obl case advmod nummod obl punct
				
EDTtreex/Traintreex/tea_eesti_arst_2004_osa_3_ud28.enhanced.treex.conllu	tea_eesti_arst_2004_1064/et	O	Praeguseks veidi rohkem kui kümne aasta vanuse vajadustele tugineva elu-kvaliteedi kontseptsiooni alusel loodud küsimustikud on kasutusel tulemiuuringutes üle maailma .	obl advmod advmod fixed nummod advcl amod obl acl nmod nmod obl acl nsubj:cop cop root obl case obl punct
EDTtreex/Traintreex/tea_eesti_arst_2004_osa_3_ud28.enhanced.treex.conllu	tea_eesti_arst_2004_1064/et	S	Praeguseks vanuse vajadustele tugineva elu-kvaliteedi kontseptsiooni alusel loodud küsimustikud on kasutusel tulemiuuringutes üle maailma .	obl _ _ _ _ _ nmod obl acl nmod nmod obl root obj cop obl obl case obl punct
				
EDTtreex/Traintreex/tea_eesti_arst_2004_osa_3_ud28.enhanced.treex.conllu	tea_eesti_arst_2004_1117/et	O	Korduvat hospitaliseerimist vajasid nesiritiidiga ravitud mõnevõrra vähem kui nitroglütseriini või dobutamiiniga ravitud ( 8 ) .	acl obj root nmod nsubj advmod advmod mark nmod cc conj advcl punct parataxis punct punct
EDTtreex/Traintreex/tea_eesti_arst_2004_osa_3_ud28.enhanced.treex.conllu	tea_eesti_arst_2004_1117/et	S	Korduvat hospitaliseerimist vajasid nesiritiidiga ravitud ( 8 ) .	acl obj root obl xcomp _ _ _ _ _ _ _ punct parataxis punct punct
				
EDTtreex/Traintreex/aja_ee199920_osa2_ud28.enhanced.treex.conllu	aja_ee199920_554/et	O	Tänaseks moodustub suurima toiduainetööstusfirma 70 miljardi suurusest käibest vähem kui üks protsent Šveitsis , vähem kui kolm protsenti firma 230 000 töötajast töötavad seal .	obl root amod nmod compound obl amod obl advmod mark nummod advcl obl punct advmod fixed nummod advcl nmod nummod goeswith nmod conj advmod punct
EDTtreex/Traintreex/aja_ee199920_osa2_ud28.enhanced.treex.conllu	aja_ee199920_554/et	S	Tänaseks moodustub suurima toiduainetööstusfirma 70 miljardi suurusest käibest Šveitsis , töötavad .	advmod root amod nsubj compound obl amod obl _ _ _ _ obl punct _ _ _ _ _ _ _ _ conj _ punct
				
EDTtreex/Traintreex/ilu_remsu_ud28.enhanced.treex.conllu	ilu_remsu_130/et	O	Lend Guangzhoust Ürümchisse , Xinjiangi-Uiguuri rajooni pealinna , Kagu-Hiinast Loode-Hiinasse , seega diagonaalis üle Hiina , kestis pisut rohkem kui 7 tundi .	nsubj nmod nmod punct nmod nmod appos punct nmod nmod punct advmod nmod case nmod punct root advmod advmod fixed nummod advcl punct
EDTtreex/Traintreex/ilu_remsu_ud28.enhanced.treex.conllu	ilu_remsu_130/et	S	Lend Guangzhoust Ürümchisse , Xinjiangi-Uiguuri rajooni pealinna , Kagu-Hiinast Loode-Hiinasse , diagonaalis üle Hiina , kestis .	nsubj nmod nmod punct nmod nmod conj punct conj nmod punct _ nmod advmod conj punct root _ _ _ _ _ punct
				
EDTtreex/Traintreex/aja_horisont2000_ud28_osa_2.enhanced.treex.conllu	aja_horisont2000_459/et	O	Et sikhid vihkasid mogulivõimu veel rohkem kui britte , siis koos suruti maha ka esimene tõsisem inglastevastane ülestõus ( Great Mutiny ) , mis 1857. aastal üle terve Põhja-India lõõmama lõi .	mark nsubj advcl obj advmod advmod mark advcl punct advmod advmod root compound:prt advmod amod amod amod obj punct parataxis flat:name punct punct nsubj amod obl case amod obl xcomp acl:relcl punct
EDTtreex/Traintreex/aja_horisont2000_ud28_osa_2.enhanced.treex.conllu	aja_horisont2000_459/et	S	Et sikhid vihkasid mogulivõimu , suruti maha esimene tõsisem inglastevastane ülestõus ( Great Mutiny ) , mis 1857. aastal üle terve Põhja-India lõõmama lõi .	mark nsubj advcl obj _ _ _ _ punct _ _ root compound:prt _ amod amod amod obj punct parataxis flat punct punct nsubj amod obl compound:prt amod obj xcomp acl:relcl punct
				
EDTtreex/Traintreex/aja_luup200202_osa_2_ud28.enhanced.treex.conllu	aja_luup200202_304/et	O	Vaid kolmel korral viie aasta jooksul on majanduslikel põhjustel tööseisakut kasutanud rohkem kui 500 inimest .	advmod nummod obl nummod nmod case aux amod obl obj root advmod fixed nummod advcl punct
EDTtreex/Traintreex/aja_luup200202_osa_2_ud28.enhanced.treex.conllu	aja_luup200202_304/et	S	Kolmel korral viie aasta jooksul on majanduslikel põhjustel tööseisakut kasutanud .	_ nummod obl nummod obl case cop amod obl nsubj:cop root _ _ _ _ punct
				
EDTtreex/Traintreex/aja_luup200202_osa_2_ud28.enhanced.treex.conllu	aja_luup200202_309/et	O	Selliseid üritusi , kus meeleavaldajaid oli rohkem kui sada , oli viie aasta peale kokku 49 .	det nsubj:cop punct mark nsubj:cop cop acl fixed advcl punct cop nummod obl case advmod root punct
EDTtreex/Traintreex/aja_luup200202_osa_2_ud28.enhanced.treex.conllu	aja_luup200202_309/et	S	Selliseid üritusi , kus meeleavaldajaid oli rohkem kui sada , oli viie aasta peale 49 .	det nsubj:cop punct mark nsubj:cop cop acl mark advcl punct cop nummod obl case _ root
				
EDTtreex/Traintreex/aja_luup200202_osa_2_ud28.enhanced.treex.conllu	aja_luup200202_585/et	O	Et Maximast saab uus printsess Euroopale , näitab ka asjaolu , et Hollandi rahva pulmakingina kogutud rohkem kui kolmest miljonist eurost loodud fond peaks hakkama toetama riigi eri rahvuste integratsiooni Hollandis - seega siis Euroopas .	mark obl ccomp amod nsubj obl punct root advmod nsubj punct mark nmod obl obl acl advmod fixed compound nummod advcl acl nsubj aux conj xcomp nmod amod nmod obj nmod punct advmod advmod conj punct
EDTtreex/Traintreex/aja_luup200202_osa_2_ud28.enhanced.treex.conllu	aja_luup200202_585/et	S	Et Maximast saab uus printsess Euroopale , näitab asjaolu , et loodud fond peaks hakkama toetama riigi eri rahvuste integratsiooni Hollandis - Euroopas .	mark obl advcl amod nsubj obl punct root _ nsubj punct mark _ _ _ _ _ _ _ _ _ acl nsubj aux acl xcomp nmod amod nmod obj nmod punct _ _ appos punct
				
EDTtreex/Traintreex/aja_pm20001004_osa_1_ud28.enhanced.treex.conllu	aja_pm20001004_263/et	O	Rohkem kui kolme ja poole sajandi eest siin trükitu tõstis Tartu nime ühte ritta nende Euroopa linnadega , kus tegutses ülikool ja kus raamatuid trükiti oma trükikojas .	advmod mark nummod cc conj advcl case advmod advcl root nmod obj det obl det nmod nmod punct mark advcl nsubj cc mark obj conj nmod obl punct
EDTtreex/Traintreex/aja_pm20001004_osa_1_ud28.enhanced.treex.conllu	aja_pm20001004_263/et	S	Kui kolme ja poole sajandi eest trükitu tõstis Tartu nime ühte ritta nende Euroopa linnadega , kus tegutses ülikool ja kus raamatuid trükiti oma trükikojas .	_ mark nummod cc conj obl case _ nsubj root nmod obj nummod obl det nmod obl punct mark acl nsubj cc mark obj conj nmod obl punct
				
EDTtreex/Traintreex/ilu_valton_ud28.enhanced.treex.conllu	ilu_valton_340/et	O	Ta munes märksa vähem kui teised kanad ja ta munad ei olnud suuremad , aga tähtsust oli ta täis .	nsubj root advmod advmod mark det advcl cc nmod nsubj:cop aux cop conj punct cc conj cop nsubj:cop amod punct
EDTtreex/Traintreex/ilu_valton_ud28.enhanced.treex.conllu	ilu_valton_340/et	S	Ta munes ja ta munad ei olnud suuremad , aga tähtsust oli ta täis .	nsubj root _ _ _ _ _ cc nmod nsubj:cop aux cop conj punct cc nsubj:cop cop nsubj:cop conj punct
				
EDTtreex/Traintreex/ilu_valton_ud28.enhanced.treex.conllu	ilu_valton_436/et	O	"Ta tahtis juba valjusti kaagutades põgeneda , aga ei jõudnud teha rohkem kui üheainsa "" kok "" , sest taipas , et too hirmus loom ei pääse seina pealt tulema ja pealegi polnud tal kanaga asja ."	nsubj root advmod advmod advcl xcomp punct cc aux conj xcomp advmod fixed amod punct obj punct punct mark advcl punct mark det amod nsubj aux ccomp obl case xcomp cc advmod cop conj obl nsubj:cop punct
EDTtreex/Traintreex/ilu_valton_ud28.enhanced.treex.conllu	ilu_valton_436/et	S	"Ta tahtis kaagutades põgeneda , aga ei jõudnud teha üheainsa "" kok "" , sest taipas , et too hirmus loom ei pääse seina pealt tulema ja polnud tal kanaga asja ."	nsubj root _ _ advcl xcomp punct cc aux conj xcomp _ _ amod punct obj punct punct mark advcl punct mark det amod nsubj aux ccomp obl compound:prt xcomp cc _ cop conj obl nsubj:cop punct
				
EDTtreex/Traintreex/aja_luup200202_osa_4_ud28.enhanced.treex.conllu	aja_luup200202_927/et	O	Asjatundjate seas tuntakse DARPAt , mis varem kandis nime ARPA , eelkõige ühe leiutise järgi - nimelt said internet ja elektronpost rohkem kui 30 aasta eest alguse just sealt Arpaneti nime all .	obl case root obj punct nsubj advmod acl:relcl obj appos punct advmod det obl case punct advmod parataxis nsubj cc conj advmod fixed nummod advcl case obj advmod advmod nmod obl case punct
EDTtreex/Traintreex/aja_luup200202_osa_4_ud28.enhanced.treex.conllu	aja_luup200202_927/et	S	Asjatundjate seas tuntakse DARPAt , mis kandis nime ARPA , ühe leiutise järgi - said internet ja elektronpost 30 aasta eest alguse Arpaneti nime all .	obl case root obj punct nsubj _ acl:relcl obj appos punct _ nummod conj case punct _ parataxis nsubj cc conj _ _ nummod obl case obj _ _ nmod obl case punct
				
EDTtreex/Traintreex/tea_geofyysika_ud28.enhanced.treex.conllu	tea_geofyysika_302/et	O	Hipparchose kataloog oli aluseks Ptolemaiose ( 87-165 ) kapitaalsele planeetide liikumise geotsentrilisele mudelile , mille alusel planeetide liikumist rohkem kui 1500 aasta jooksul arvutati .	nmod nsubj:cop cop root nmod punct parataxis punct amod nmod nmod amod obl punct nmod obl nmod obj advmod fixed nummod advcl case acl:relcl punct
EDTtreex/Traintreex/tea_geofyysika_ud28.enhanced.treex.conllu	tea_geofyysika_302/et	S	Hipparchose kataloog oli aluseks Ptolemaiose ( 87-165 ) kapitaalsele planeetide liikumise geotsentrilisele mudelile , mille alusel planeetide liikumist 1500 aasta jooksul arvutati .	nmod nsubj:cop cop root nmod punct parataxis punct conj punct amod nmod nmod amod obl punct nmod obl _ _ nmod obj nummod obl case acl:relcl punct
				
EDTtreex/Traintreex/aja_ee200110_osa_7_ud28.enhanced.treex.conllu	aja_ee200110_1831/et	O	Kirjanike hulgas on olnud küll joodikuid , kuid tõsine , pea teaduslik tegelemine viinamarjadest saadud jookidega , mille austajaid viis aastat tagasi oli tunduvalt vähem kui praegu , oli ikkagi üllatav .	root case aux cop advmod nsubj:cop punct cc amod punct advmod conj nsubj:cop obl acl nmod punct nmod nsubj:cop nummod obl case cop advmod acl:relcl mark advcl punct cop advmod conj punct
EDTtreex/Traintreex/aja_ee200110_osa_7_ud28.enhanced.treex.conllu	aja_ee200110_1831/et	S	Kirjanike hulgas on olnud joodikuid , kuid tõsine , teaduslik tegelemine viinamarjadest saadud jookidega , mille austajaid viis aastat tagasi oli vähem kui praegu , oli üllatav .	root case cop acl _ nsubj:cop punct cc amod punct _ amod obj nmod conj obl punct nmod nsubj:cop nummod obl case cop _ acl:relcl mark advcl punct cop _ acl:relcl punct
				
EDTtreex/Traintreex/aja_luup200106_osa_6_ud28.enhanced.treex.conllu	aja_luup200106_1517/et	O	Ligi kolmandik ( 29 % ) eesti meestest on vahekorras vaid kuni 52 korda , vähem kui viiendik aga kuni 118 korda .	advmod nsubj:cop punct nummod parataxis punct amod nmod cop root advmod advmod nummod obl punct advmod fixed conj orphan:advmod advmod nummod orphan:obl punct
EDTtreex/Traintreex/aja_luup200106_osa_6_ud28.enhanced.treex.conllu	aja_luup200106_1517/et	S	Kolmandik ( 29 % ) eesti meestest on vahekorras 52 korda , viiendik aga 118 korda .	_ nsubj:cop punct parataxis punct amod nmod cop root nummod _ _ obl punct conj _ _ cc nummod _ orphan punct
				
EDTtreex/Traintreex/aja_luup200106_osa_6_ud28.enhanced.treex.conllu	aja_luup200106_1589/et	O	Kaks aastat tagasi olid neljast kolm rohkem kui miljon krooni maksvast autost S-klassi Mercedesed .	nummod obl case cop nummod nummod advmod fixed nummod advcl acl nsubj:cop nmod root punct
EDTtreex/Traintreex/aja_luup200106_osa_6_ud28.enhanced.treex.conllu	aja_luup200106_1589/et	S	Kaks aastat tagasi olid neljast kolm maksvast autost S-klassi Mercedesed .	nummod obl case cop compound nummod _ _ _ _ acl obl nmod root punct
				
EDTtreex/Traintreex/aja_luup200106_osa_6_ud28.enhanced.treex.conllu	aja_luup200106_1592/et	O	Eelmisel aastal said Eesti rikkad veelgi rikkamaks - rohkem kui miljonikrooniste autode müügimaht peaaegu kahekordistus .	amod obl root nmod nsubj advmod xcomp punct advmod fixed amod nmod nsubj advmod parataxis punct
EDTtreex/Traintreex/aja_luup200106_osa_6_ud28.enhanced.treex.conllu	aja_luup200106_1592/et	S	Eelmisel aastal said Eesti rikkad rikkamaks - autode müügimaht kahekordistus .	amod obl root nsubj nsubj _ xcomp punct _ _ _ nmod nsubj _ parataxis punct
				
EDTtreex/Traintreex/aja_luup200106_osa_6_ud28.enhanced.treex.conllu	aja_luup200106_1602/et	O	Kui sama trend jätkub , on aasta lõpuks üle 80 inimese saanud rohkem kui miljonikroonise auto omanikuks .	mark det nsubj advcl punct aux nmod obl case nummod nsubj root advmod fixed advcl nmod xcomp punct
EDTtreex/Traintreex/aja_luup200106_osa_6_ud28.enhanced.treex.conllu	aja_luup200106_1602/et	S	Kui sama trend jätkub , on aasta lõpuks üle 80 inimese saanud auto omanikuks .	mark det nsubj advcl punct cop nmod obl case nummod obj acl _ _ _ nmod root punct
				
EDTtreex/Traintreex/aja_luup200106_osa_6_ud28.enhanced.treex.conllu	aja_luup200106_1604/et	O	Hetkel vurab Eestimaa teedel 100-150 rohkem kui miljonikroonist autot .	obl root nmod obl nummod advmod fixed advcl nsubj punct
EDTtreex/Traintreex/aja_luup200106_osa_6_ud28.enhanced.treex.conllu	aja_luup200106_1604/et	S	Hetkel vurab Eestimaa teedel 100-150 autot .	obl root nmod obl nummod _ _ _ punct conj nsubj punct
				
EDTtreex/Traintreex/aja_luup200106_osa_1_ud28.enhanced.treex.conllu	aja_luup200106_8/et	O	Nüüd uurime ka neid , kelle pangaarvel on miljon krooni , kui ka neid , kellele kuulub rohkem kui miljoni krooni eest maju ja metsi .	advmod root advmod obj punct nmod acl:relcl cop nummod nsubj:cop punct cc advmod conj punct obl acl:relcl advmod fixed nummod advcl case nsubj cc conj punct
EDTtreex/Traintreex/aja_luup200106_osa_1_ud28.enhanced.treex.conllu	aja_luup200106_8/et	S	Uurime neid , kelle pangaarvel on miljon krooni , kui neid , kellele kuulub maju ja metsi .	_ root _ obj punct nmod acl:relcl cop nummod nsubj:cop punct mark _ conj punct obl acl:relcl _ _ _ _ _ nsubj cc conj punct
				
EDTtreex/Traintreex/aja_luup200106_osa_1_ud28.enhanced.treex.conllu	aja_luup200106_140/et	O	Pangamiljonär on valdavalt abielus ning rohkem kui kolmel neljandikul sirgub peres vähemalt kaks last .	nsubj:cop cop advmod root cc advcl fixed compound obl conj obl advmod nummod nsubj punct
EDTtreex/Traintreex/aja_luup200106_osa_1_ud28.enhanced.treex.conllu	aja_luup200106_140/et	S	Pangamiljonär on abielus ning rohkem kui kolmel neljandikul sirgub peres kaks last .	nsubj:cop cop _ root cc advmod fixed nummod advcl conj obl _ nummod nsubj punct
				
EDTtreex/Traintreex/aja_luup200106_osa_1_ud28.enhanced.treex.conllu	aja_luup200106_143/et	O	Samal ajal on üle kuuekümneaastaseid pangamiljonäre meil kaks korda rohkem kui alla neljakümneaastaseid .	det obl cop advmod amod nsubj:cop obl nummod obl root fixed advmod advcl punct
EDTtreex/Traintreex/aja_luup200106_osa_1_ud28.enhanced.treex.conllu	aja_luup200106_143/et	S	Samal ajal on kuuekümneaastaseid pangamiljonäre meil kaks korda rohkem kui neljakümneaastaseid .	det obl cop _ amod nsubj:cop obl nummod obl root mark _ advcl punct
				
EDTtreex/Traintreex/aja_ee199920_osa3_ud28.enhanced.treex.conllu	aja_ee199920_996/et	O	Ise alles tee esimesel poolel , vaevu kolmekümnekolmene , oli ta jõudnud neid sooritada juba tuhandeid , rohkem kui enamik professionaale poole pikema eluea vältel .	nsubj:cop advmod nmod amod advcl punct advmod conj punct aux nsubj root obj xcomp advmod obl punct conj mark nmod advcl obl amod obl case punct
EDTtreex/Traintreex/aja_ee199920_osa3_ud28.enhanced.treex.conllu	aja_ee199920_996/et	S	Ise tee esimesel poolel , kolmekümnekolmene , oli ta jõudnud neid sooritada tuhandeid , rohkem kui enamik professionaale poole pikema eluea vältel .	nmod _ nsubj:cop amod nmod punct _ conj punct cop nsubj:cop root obj xcomp _ obl punct conj fixed nmod advcl nummod amod nmod case punct
				
EDTtreex/Traintreex/aja_ee199920_osa3_ud28.enhanced.treex.conllu	aja_ee199920_1184/et	O	McNeali uurimus viitab sellele , et lapsed usaldavad reklaame tavaliselt tunduvalt rohkem kui täiskasvanud , kusjuures kahtlused ja kaitsereaktsioon hakkavad tekkima alles 11-12 aasta vanuses .	nmod nsubj root obl punct mark nsubj acl obj advmod advmod advmod mark advcl punct mark nsubj cc conj conj xcomp advmod nummod nmod obl punct
EDTtreex/Traintreex/aja_ee199920_osa3_ud28.enhanced.treex.conllu	aja_ee199920_1184/et	S	McNeali uurimus viitab sellele , et lapsed usaldavad reklaame , kusjuures kahtlused ja kaitsereaktsioon hakkavad tekkima 11-12 aasta vanuses .	nmod nsubj root obl punct mark nsubj acl obj _ _ _ _ _ punct advmod nsubj cc conj conj xcomp _ nummod punct conj nmod obl punct
				
EDTtreex/Traintreex/aja_ee199920_osa3_ud28.enhanced.treex.conllu	aja_ee199920_1197/et	O	Võibolla kaitseb Rootsi lapsi rohkem kui teised riigid .	advmod root nsubj obj advmod mark det advcl punct
EDTtreex/Traintreex/aja_ee199920_osa3_ud28.enhanced.treex.conllu	aja_ee199920_1197/et	S	Kaitseb Rootsi lapsi .	_ root nmod obj _ _ _ _ punct
				
EDTtreex/Traintreex/aja_ee199920_osa3_ud28.enhanced.treex.conllu	aja_ee199920_1277/et	O	Pisut rohkem kui aasta tagasi -- pärast kaotatud poolfinaali tšehhidega Nagano talimängudel -- peegeldus samasugune abitu kurbus suure Gretzky silmist .	advmod advmod fixed advcl case punct case acl nmod nmod nmod conj punct root amod amod nsubj amod nmod obl punct
EDTtreex/Traintreex/aja_ee199920_osa3_ud28.enhanced.treex.conllu	aja_ee199920_1277/et	S	Peegeldus samasugune abitu kurbus suure Gretzky silmist .	_ _ _ _ _ _ _ _ _ _ _ _ _ root det amod nsubj amod nmod obl punct
				
EDTtreex/Traintreex/aja_luup200202_osa_3_ud28.enhanced.treex.conllu	aja_luup200202_715/et	O	Vähem kui 50 töötajaga ettevõtted tuleks müüa kiiresti piiramatu osavõtuga oksjonitel .	advmod mark nummod advcl obj root csubj advmod amod nmod obl punct
EDTtreex/Traintreex/aja_luup200202_osa_3_ud28.enhanced.treex.conllu	aja_luup200202_715/et	S	Kui 50 töötajaga ettevõtted tuleks müüa piiramatu osavõtuga oksjonitel .	_ mark nummod nmod obj root csubj _ amod nmod obl punct
				
EDTtreex/Traintreex/aja_luup200202_osa_3_ud28.enhanced.treex.conllu	aja_luup200202_847/et	O	Reformide edukust Ungaris ja Sloveenias , aga ka Eestis , Lätis ja Leedus näitab see , et neis riikides on vähem kui kümnendik ettevõtteid püüdnud endale riigiametnikelt pististe abil konkurentidega võrreldes soodsamaid tingimusi välja kaubelda .	nmod obj nmod cc conj punct cc advmod conj punct conj cc conj root nsubj punct mark det obl aux nsubj fixed nummod advcl conj obl obl obl case obl advcl amod obj compound:prt xcomp punct
EDTtreex/Traintreex/aja_luup200202_osa_3_ud28.enhanced.treex.conllu	aja_luup200202_847/et	S	Reformide edukust Ungaris ja Sloveenias , aga Eestis , Lätis ja Leedus näitab see , et neis riikides on vähem kui kümnendik ettevõtteid püüdnud endale riigiametnikelt pististe abil konkurentidega võrreldes soodsamaid tingimusi välja kaubelda .	nmod obj nmod cc conj punct cc _ conj punct conj cc conj root nsubj punct mark det obl aux advmod fixed nummod nsubj acl obl obl obl case obl advcl amod obj compound:prt xcomp punct
				
EWTBtreex/Testtreex/ewtb2_079135.ud28.enhanced.ref.treex.conllu	ewtb2_079135_1/et	O	J - - > M on pretendente ilselgelt rohkem kui Makuuchis vakantsi tekib .	obl punct punct punct flat cop nsubj:cop advmod root mark obl nsubj advcl punct
EWTBtreex/Testtreex/ewtb2_079135.ud28.enhanced.ref.treex.conllu	ewtb2_079135_1/et	S	J - - > M on pretendente rohkem kui Makuuchis vakantsi tekib .	parataxis punct punct punct flat aux nsubj _ root fixed advcl nsubj advcl punct
				
EWTBtreex/Testtreex/ewtb2_079135.ud28.enhanced.ref.treex.conllu	ewtb2_079135_81/et	O	Juryost tulnud pesapallurid kerkisid ka vähem kui praegustele tulijatele pakun .	obl acl nsubj root advmod advmod mark amod obl advcl punct
EWTBtreex/Testtreex/ewtb2_079135.ud28.enhanced.ref.treex.conllu	ewtb2_079135_81/et	S	Juryost tulnud pesapallurid kerkisid kui praegustele tulijatele pakun .	obl root nsubj conj _ _ mark amod obl advcl punct
				
EWTBtreex/Traintreex/sfoorum1.enhanced.treex.conllu	sfoorum_167/et	O	Samas kui peab valima siis ma valin Saku , sest sakul on lihtsalt mõned head õlled rohkem kui A.Le Coq'il .	advmod mark aux advcl advmod nsubj root obj punct mark obl cop advmod det amod nsubj:cop advcl mark advcl flat punct
EWTBtreex/Traintreex/sfoorum1.enhanced.treex.conllu	sfoorum_167/et	S	Kui peab valima ma valin Saku , sest sakul on mõned head õlled rohkem kui A.Le Coq'il .	_ mark aux advcl _ nsubj root obj punct mark nsubj:cop cop _ det amod advcl advmod mark advcl flat punct
				
EWTBtreex/Traintreex/tfoorum1_ud28.enhanced.ref.treex.conllu	tfoorum_236/et	O	Eksootikat võiks tõesti rohkem kui tavaliselt olla , aga see on juba korraldajate ja autofirmade otsustada . TB .	nsubj:cop aux advmod root mark advcl cop punct cc nsubj aux advmod obl cc conj conj punct parataxis punct
EWTBtreex/Traintreex/tfoorum1_ud28.enhanced.ref.treex.conllu	tfoorum_236/et	S	Eksootikat võiks rohkem kui tavaliselt olla , aga see on korraldajate ja autofirmade otsustada . TB .	root punct _ root mark advcl cop punct cc nsubj:cop aux _ obl cc conj conj punct
				
EWTBtreex/Traintreex/ewtb1_100006.ud28.enhanced.ref.treex.conllu	ewtb1_100006_30/et	O	Tee pilte enne oma koduõuest , kus on prahti ja laga rohkem kui mujal ja siis alles mine mujale pildistama .	root obj advmod nmod obl punct mark cop nsubj:cop cc conj acl mark advcl cc advmod advmod conj advmod xcomp punct
EWTBtreex/Traintreex/ewtb1_100006.ud28.enhanced.ref.treex.conllu	ewtb1_100006_30/et	S	Tee pilte oma koduõuest , kus on prahti ja laga rohkem kui mujal ja mine pildistama .	nmod root _ nmod nmod punct mark acl nsubj cc conj advmod mark advcl cc _ _ conj _ xcomp punct
				
EWTBtreex/Traintreex/hfoorum3_ud28.enhanced.ref.treex.conllu	hfoorum_1287/et	O	suuline on homme ja seal ka rohkem kui punkt või paar kaotada ei tahaks kuna inka on mul ka sisseastumisel vajalik , siis loodan 90 kokku saada ...	nsubj:cop cop root cc advmod advmod advmod fixed obj cc conj xcomp aux conj mark nsubj:cop cop obl advmod obl advcl punct advmod conj obj compound:prt xcomp punct
EWTBtreex/Traintreex/hfoorum3_ud28.enhanced.ref.treex.conllu	hfoorum_1287/et	S	suuline on homme ja punkt või paar kaotada ei tahaks kuna inka on mul sisseastumisel vajalik , loodan 90 kokku saada ...	root cop advmod cc _ _ _ _ nsubj cc conj xcomp aux conj mark nsubj:cop cop obl _ obl advcl punct _ conj obj compound:prt xcomp punct
				
